{
  "grain_protein_pct": {
    "mae_train": 0.10111290322580484,
    "mae_val": 0.2611515625000023,
    "r2_train": 0.9893903599697578,
    "r2_val": 0.9381937024569892
  },
  "yield_t_ha": {
    "mae_train": 0.08011129032258602,
    "mae_val": 0.21224687500000267,
    "r2_train": 0.9903170437036213,
    "r2_val": 0.9324159951297573
  }
}